{
  "model": "MLP_Joint_Occ",
  "kwargs_for_model": {
    "dimension": 3,
    "dof": 7,
    "center_net_arch": [
      1024,
      1024,
      1024,
      1024,
      1024,
      1024,
      1024,
      1024,
      1024
    ],
    "radius_net_arch": [
      1024,
      1024,
      1024
    ],
    "center_activation_fn": "gelu",
    "radius_activation_fn": "relu"
  },
  "kwargs_for_robot_params": {
    "g_ka": 0.5235987755982988,
    "pos_max": [
      3.1415927410125732,
      2.4100000858306885,
      3.1415927410125732,
      2.6600000858306885,
      3.1415927410125732,
      2.2300000190734863,
      3.1415927410125732
    ],
    "pos_min": [
      -3.1415927410125732,
      -2.4100000858306885,
      -3.1415927410125732,
      -2.6600000858306885,
      -3.1415927410125732,
      -2.2300000190734863,
      -3.1415927410125732
    ],
    "vel_max": [
      1.396299958229065,
      1.396299958229065,
      1.396299958229065,
      1.396299958229065,
      1.2217999696731567,
      1.2217999696731567,
      1.2217999696731567
    ],
    "n_timesteps": 100
  },
  "kwargs_for_base_joint_occ": {
    "base_center": [
      [
        [
          0,
          0,
          0.15643000602722168
        ]
      ]
    ],
    "base_radius": [
      [
        0.050330501049757004
      ]
    ]
  },
  "kwargs_for_dataloader": {
    "training_portion": 0.8,
    "validation_portion": 0.1
  },
  "kwargs_for_conformal_prediction": {
    "alpha": [
      1e-05,
      0.0001,
      0.001,
      0.01,
      0.1,
      0.2
    ],
    "quantile_for_each_joint": [
      [
        0.0007880926132202148,
        0.003954298794269562,
        0.007399469614028931,
        0.009129315614700317,
        0.011225886642932892,
        0.012599140405654907,
        0.014569155871868134
      ],
      [
        0.0006106272339820862,
        0.0027703456580638885,
        0.005398169159889221,
        0.0058898478746414185,
        0.00755561888217926,
        0.008618272840976715,
        0.010387808084487915
      ],
      [
        0.0004581138491630554,
        0.0018185824155807495,
        0.0035099536180496216,
        0.004393957555294037,
        0.005574628710746765,
        0.006391070783138275,
        0.007485747337341309
      ],
      [
        0.00037229061126708984,
        0.0013198144733905792,
        0.0025712624192237854,
        0.0033723413944244385,
        0.004214152693748474,
        0.004849731922149658,
        0.005599670112133026
      ],
      [
        0.0003039538860321045,
        0.0008658505976200104,
        0.0017047375440597534,
        0.0022306032478809357,
        0.0027871280908584595,
        0.0032474249601364136,
        0.0037606507539749146
      ],
      [
        0.00027589499950408936,
        0.0007060840725898743,
        0.0013941973447799683,
        0.001827038824558258,
        0.002288244664669037,
        0.0026768743991851807,
        0.003107301890850067
      ]
    ]
  }
}