{
    "model": "MLP_Grad",
    "kwargs_for_model": {
        "dimension": 3,
        "dof": 7,
        "center_jac_net_arch": [
            1024,
            1024,
            1024,
            1024,
            1024,
            1024,
            1024,
            1024,
            1024,
            1024,
            1024,
            1024
        ],
        "center_jac_activation_fn": "gelu",
        "scale": 0.01,
        "exclude_last_el": true
    },
    "kwargs_for_robot_params": {
        "g_ka": 0.5235987755982988,
        "pos_max": [
            3.1415927410125732,
            2.4100000858306885,
            3.1415927410125732,
            2.6600000858306885,
            3.1415927410125732,
            2.2300000190734863,
            3.1415927410125732
        ],
        "pos_min": [
            -3.1415927410125732,
            -2.4100000858306885,
            -3.1415927410125732,
            -2.6600000858306885,
            -3.1415927410125732,
            -2.2300000190734863,
            -3.1415927410125732
        ],
        "vel_max": [
            1.396299958229065,
            1.396299958229065,
            1.396299958229065,
            1.396299958229065,
            1.2217999696731567,
            1.2217999696731567,
            1.2217999696731567
        ],
        "n_timesteps": 100
    },
    "kwargs_for_base_joint_occ": {
        "base_center": null,
        "base_radius": null
    },
    "kwargs_for_dataloader": {
        "training_portion": 0.8,
        "validation_portion": 0.1
    }
}